first_name;last_name;email;date_of_birth;nfc_id
Rafael;Morgan;r.morgan@randatmail.com;1928-02-12;1
Tyler;Dixon;t.dixon@randatmail.com;1929-10-11;2
Fenton;Brown;f.brown@randatmail.com;1940-01-14;3
Adele;Watson;a.watson@randatmail.com;1940-01-23;4
Steven;Robinson;s.robinson@randatmail.com;1940-07-01;5
Rebecca;Owens;r.owens@randatmail.com;1942-05-22;6
Leonardo;Montgomery;l.montgomery@randatmail.com;1948-08-11;7
Ada;Ellis;a.ellis@randatmail.com;1951-09-09;8
Caroline;Montgomery;c.montgomery@randatmail.com;1953-12-30;9
Garry;Adams;g.adams@randatmail.com;1955-03-25;10
Tess;Payne;t.payne@randatmail.com;1956-02-10;11
Brad;Johnston;b.johnston@randatmail.com;1961-01-28;12
Lucia;Harrison;l.harrison@randatmail.com;1977-02-03;13
Cherry;Dixon;c.dixon@randatmail.com;1977-04-26;14
Emily;Carter;e.carter@randatmail.com;1984-12-14;15
Fiona;Kelley;f.kelley@randatmail.com;1986-09-15;16
Adison;Spencer;a.spencer@randatmail.com;1986-11-14;17
Nicole;Warren;n.warren@randatmail.com;1992-12-18;18
Blake;Wilson;b.wilson@randatmail.com;1998-12-18;19
Arthur;Andrews;a.andrews@randatmail.com;1999-04-24;20
Haris;Mason;h.mason@randatmail.com;2006-07-11;21
Walter;Carter;w.carter@randatmail.com;2016-11-08;22
Patrick;Wells;p.wells@randatmail.com;2017-08-26;23
Cadie;Barrett;c.barrett@randatmail.com;2017-12-15;24
Kelsey;Clark;k.clark@randatmail.com;1938-09-17;25
Nicole;Moore;n.moore@randatmail.com;1944-11-07;26
Connie;Foster;c.foster@randatmail.com;1964-03-19;27
Arianna;Andrews;a.andrews28@randatmail.com;1994-09-19;28
Abigail;Campbell;a.campbell@randatmail.com;2004-12-24;29
Antony;Wright;a.wright@randatmail.com;1938-09-17;30
